<?xml version="1.0" encoding="ISO-8859-1" ?>
<link_info>
   <banner>TI ARM Clang Linker PC v4.0.2.LTS</banner>
   <copyright>Copyright (c) 1996-2018 Texas Instruments Incorporated</copyright>
   <command_line>C:\ti\ccs2011\ccs\tools\compiler\ti-cgt-armllvm_4.0.2.LTS\bin\tiarmlnk -IC:\ti\ccs2011\ccs\tools\compiler\ti-cgt-armllvm_4.0.2.LTS\lib -o 01_template_project.out -m01_template_project.map -iC:/ti/mspm0_sdk_2_04_00_06/source -iC:/Users/27683/workspace_ccstheia/01_template_project -iC:/Users/27683/workspace_ccstheia/01_template_project/Debug/syscfg -iC:/ti/ccs2011/ccs/tools/compiler/ti-cgt-armllvm_4.0.2.LTS/lib --diag_wrap=off --display_error_number --warn_sections --xml_link_info=01_template_project_linkInfo.xml --rom_model ./empty.o ./ti_msp_dl_config.o ./startup_mspm0g350x_ticlang.o ./middle/mid_debug_led.o ./middle/mid_debug_uart.o -l./device_linker.cmd -ldevice.cmd.genlibs -llibc.a --start-group -llibc++.a -llibc++abi.a -llibc.a -llibsys.a -llibsysbm.a -llibclang_rt.builtins.a -llibclang_rt.profile.a --end-group --cg_opt_level=2</command_line>
   <link_time>0x68281b62</link_time>
   <link_errors>0x0</link_errors>
   <output_file>C:\Users\27683\workspace_ccstheia\01_template_project\Debug\01_template_project.out</output_file>
   <entry_point>
      <name>_c_int00_noargs</name>
      <address>0x561</address>
   </entry_point>
   <input_file_list>
      <input_file id="fl-1">
         <path>C:\Users\27683\workspace_ccstheia\01_template_project\Debug\.\</path>
         <kind>object</kind>
         <file>empty.o</file>
         <name>empty.o</name>
      </input_file>
      <input_file id="fl-2">
         <path>C:\Users\27683\workspace_ccstheia\01_template_project\Debug\.\</path>
         <kind>object</kind>
         <file>ti_msp_dl_config.o</file>
         <name>ti_msp_dl_config.o</name>
      </input_file>
      <input_file id="fl-3">
         <path>C:\Users\27683\workspace_ccstheia\01_template_project\Debug\.\</path>
         <kind>object</kind>
         <file>startup_mspm0g350x_ticlang.o</file>
         <name>startup_mspm0g350x_ticlang.o</name>
      </input_file>
      <input_file id="fl-4">
         <path>C:\Users\27683\workspace_ccstheia\01_template_project\Debug\.\middle\</path>
         <kind>object</kind>
         <file>mid_debug_led.o</file>
         <name>mid_debug_led.o</name>
      </input_file>
      <input_file id="fl-5">
         <path>C:\Users\27683\workspace_ccstheia\01_template_project\Debug\.\middle\</path>
         <kind>object</kind>
         <file>mid_debug_uart.o</file>
         <name>mid_debug_uart.o</name>
      </input_file>
      <input_file id="fl-12">
         <path>C:\Users\27683\workspace_ccstheia\01_template_project\Debug\</path>
         <kind>object</kind>
         <file>&lt;internal&gt;</file>
         <name>&lt;internal&gt;</name>
      </input_file>
      <input_file id="fl-13">
         <path>C:\ti\mspm0_sdk_2_04_00_06\source\ti\driverlib\lib\ticlang\m0p\mspm0g1x0x_g3x0x\</path>
         <kind>archive</kind>
         <file>driverlib.a</file>
         <name>dl_common.o</name>
      </input_file>
      <input_file id="fl-14">
         <path>C:\ti\mspm0_sdk_2_04_00_06\source\ti\driverlib\lib\ticlang\m0p\mspm0g1x0x_g3x0x\</path>
         <kind>archive</kind>
         <file>driverlib.a</file>
         <name>dl_uart.o</name>
      </input_file>
      <input_file id="fl-15">
         <path>C:\ti\mspm0_sdk_2_04_00_06\source\ti\driverlib\lib\ticlang\m0p\mspm0g1x0x_g3x0x\</path>
         <kind>archive</kind>
         <file>driverlib.a</file>
         <name>dl_sysctl_mspm0g1x0x_g3x0x.o</name>
      </input_file>
      <input_file id="fl-2c">
         <path>C:\ti\ccs2011\ccs\tools\compiler\ti-cgt-armllvm_4.0.2.LTS\lib\armv6m-ti-none-eabi\c\</path>
         <kind>archive</kind>
         <file>libc.a</file>
         <name>strstr.c.obj</name>
      </input_file>
      <input_file id="fl-2d">
         <path>C:\ti\ccs2011\ccs\tools\compiler\ti-cgt-armllvm_4.0.2.LTS\lib\armv6m-ti-none-eabi\c\</path>
         <kind>archive</kind>
         <file>libc.a</file>
         <name>boot_cortex_m.c.obj</name>
      </input_file>
      <input_file id="fl-2e">
         <path>C:\ti\ccs2011\ccs\tools\compiler\ti-cgt-armllvm_4.0.2.LTS\lib\armv6m-ti-none-eabi\c\</path>
         <kind>archive</kind>
         <file>libc.a</file>
         <name>mathacl_init.c.obj</name>
      </input_file>
      <input_file id="fl-2f">
         <path>C:\ti\ccs2011\ccs\tools\compiler\ti-cgt-armllvm_4.0.2.LTS\lib\armv6m-ti-none-eabi\c\</path>
         <kind>archive</kind>
         <file>libc.a</file>
         <name>autoinit.c.obj</name>
      </input_file>
      <input_file id="fl-30">
         <path>C:\ti\ccs2011\ccs\tools\compiler\ti-cgt-armllvm_4.0.2.LTS\lib\armv6m-ti-none-eabi\c\</path>
         <kind>archive</kind>
         <file>libc.a</file>
         <name>pre_init.c.obj</name>
      </input_file>
      <input_file id="fl-31">
         <path>C:\ti\ccs2011\ccs\tools\compiler\ti-cgt-armllvm_4.0.2.LTS\lib\armv6m-ti-none-eabi\c\</path>
         <kind>archive</kind>
         <file>libc.a</file>
         <name>cpy_tbl.c.obj</name>
      </input_file>
      <input_file id="fl-32">
         <path>C:\ti\ccs2011\ccs\tools\compiler\ti-cgt-armllvm_4.0.2.LTS\lib\armv6m-ti-none-eabi\c\</path>
         <kind>archive</kind>
         <file>libc.a</file>
         <name>copy_zero_init.c.obj</name>
      </input_file>
      <input_file id="fl-33">
         <path>C:\ti\ccs2011\ccs\tools\compiler\ti-cgt-armllvm_4.0.2.LTS\lib\armv6m-ti-none-eabi\c\</path>
         <kind>archive</kind>
         <file>libc.a</file>
         <name>copy_decompress_none.c.obj</name>
      </input_file>
      <input_file id="fl-34">
         <path>C:\ti\ccs2011\ccs\tools\compiler\ti-cgt-armllvm_4.0.2.LTS\lib\armv6m-ti-none-eabi\c\</path>
         <kind>archive</kind>
         <file>libc.a</file>
         <name>copy_decompress_lzss.c.obj</name>
      </input_file>
      <input_file id="fl-35">
         <path>C:\ti\ccs2011\ccs\tools\compiler\ti-cgt-armllvm_4.0.2.LTS\lib\armv6m-ti-none-eabi\c\</path>
         <kind>archive</kind>
         <file>libc.a</file>
         <name>exit.c.obj</name>
      </input_file>
      <input_file id="fl-36">
         <path>C:\ti\ccs2011\ccs\tools\compiler\ti-cgt-armllvm_4.0.2.LTS\lib\armv6m-ti-none-eabi\c\</path>
         <kind>archive</kind>
         <file>libc.a</file>
         <name>_lock.c.obj</name>
      </input_file>
      <input_file id="fl-37">
         <path>C:\ti\ccs2011\ccs\tools\compiler\ti-cgt-armllvm_4.0.2.LTS\lib\armv6m-ti-none-eabi\c\</path>
         <kind>archive</kind>
         <file>libc.a</file>
         <name>args_main.c.obj</name>
      </input_file>
      <input_file id="fl-d7">
         <path>C:\ti\ccs2011\ccs\tools\compiler\ti-cgt-armllvm_4.0.2.LTS\lib\armv6m-ti-none-eabi\c\</path>
         <kind>archive</kind>
         <file>libsysbm.a</file>
         <name>hostexit.c.obj</name>
      </input_file>
      <input_file id="fl-d8">
         <path>C:\ti\ccs2011\ccs\tools\compiler\ti-cgt-armllvm_4.0.2.LTS\lib\armv6m-ti-none-eabi\</path>
         <kind>archive</kind>
         <file>libclang_rt.builtins.a</file>
         <name>aeabi_memcpy.S.obj</name>
      </input_file>
      <input_file id="fl-d9">
         <path>C:\ti\ccs2011\ccs\tools\compiler\ti-cgt-armllvm_4.0.2.LTS\lib\armv6m-ti-none-eabi\</path>
         <kind>archive</kind>
         <file>libclang_rt.builtins.a</file>
         <name>aeabi_memset.S.obj</name>
      </input_file>
      <input_file id="fl-da">
         <path>C:\ti\ccs2011\ccs\tools\compiler\ti-cgt-armllvm_4.0.2.LTS\lib\armv6m-ti-none-eabi\</path>
         <kind>archive</kind>
         <file>libclang_rt.builtins.a</file>
         <name>aeabi_uidivmod.S.obj</name>
      </input_file>
      <input_file id="fl-db">
         <path>C:\ti\ccs2011\ccs\tools\compiler\ti-cgt-armllvm_4.0.2.LTS\lib\armv6m-ti-none-eabi\</path>
         <kind>archive</kind>
         <file>libclang_rt.builtins.a</file>
         <name>aeabi_div0.c.obj</name>
      </input_file>
      <input_file id="fl-dc">
         <path>C:\ti\ccs2011\ccs\tools\compiler\ti-cgt-armllvm_4.0.2.LTS\lib\armv6m-ti-none-eabi\c\</path>
         <kind>archive</kind>
         <file>libc.a</file>
         <name>memcpy16.S.obj</name>
      </input_file>
      <input_file id="fl-dd">
         <path>C:\ti\ccs2011\ccs\tools\compiler\ti-cgt-armllvm_4.0.2.LTS\lib\armv6m-ti-none-eabi\c\</path>
         <kind>archive</kind>
         <file>libc.a</file>
         <name>memset16.S.obj</name>
      </input_file>
   </input_file_list>
   <object_component_list>
      <object_component id="oc-18">
         <name>.intvecs</name>
         <load_address>0x0</load_address>
         <readonly>true</readonly>
         <run_address>0x0</run_address>
         <size>0xc0</size>
         <alignment>0x4</alignment>
         <input_file_ref idref="fl-3"/>
      </object_component>
      <object_component id="oc-e5">
         <name>.text.DL_SYSCTL_configSYSPLL</name>
         <load_address>0xc0</load_address>
         <readonly>true</readonly>
         <executable>true</executable>
         <run_address>0xc0</run_address>
         <size>0xdc</size>
         <alignment>0x4</alignment>
         <input_file_ref idref="fl-15"/>
      </object_component>
      <object_component id="oc-c2">
         <name>.text.SYSCFG_DL_UART_DEBUG_init</name>
         <load_address>0x19c</load_address>
         <readonly>true</readonly>
         <executable>true</executable>
         <run_address>0x19c</run_address>
         <size>0x88</size>
         <alignment>0x4</alignment>
         <input_file_ref idref="fl-2"/>
      </object_component>
      <object_component id="oc-df">
         <name>.text.DL_SYSCTL_setHFCLKSourceHFXTParams</name>
         <load_address>0x224</load_address>
         <readonly>true</readonly>
         <executable>true</executable>
         <run_address>0x224</run_address>
         <size>0x64</size>
         <alignment>0x4</alignment>
         <input_file_ref idref="fl-15"/>
      </object_component>
      <object_component id="oc-c0">
         <name>.text.SYSCFG_DL_SYSCTL_init</name>
         <load_address>0x288</load_address>
         <readonly>true</readonly>
         <executable>true</executable>
         <run_address>0x288</run_address>
         <size>0x64</size>
         <alignment>0x4</alignment>
         <input_file_ref idref="fl-2"/>
      </object_component>
      <object_component id="oc-bd">
         <name>.text:memset</name>
         <load_address>0x2ec</load_address>
         <readonly>true</readonly>
         <executable>true</executable>
         <run_address>0x2ec</run_address>
         <size>0x62</size>
         <alignment>0x1</alignment>
         <input_file_ref idref="fl-dd"/>
      </object_component>
      <object_component id="oc-33">
         <name>.text.Default_Handler</name>
         <load_address>0x34e</load_address>
         <readonly>true</readonly>
         <executable>true</executable>
         <run_address>0x34e</run_address>
         <size>0x2</size>
         <alignment>0x2</alignment>
         <input_file_ref idref="fl-3"/>
      </object_component>
      <object_component id="oc-ee">
         <name>.text.DL_UART_init</name>
         <load_address>0x350</load_address>
         <readonly>true</readonly>
         <executable>true</executable>
         <run_address>0x350</run_address>
         <size>0x48</size>
         <alignment>0x4</alignment>
         <input_file_ref idref="fl-14"/>
      </object_component>
      <object_component id="oc-e6">
         <name>.text.DL_SYSCTL_switchMCLKfromSYSOSCtoHSCLK</name>
         <load_address>0x398</load_address>
         <readonly>true</readonly>
         <executable>true</executable>
         <run_address>0x398</run_address>
         <size>0x44</size>
         <alignment>0x4</alignment>
         <input_file_ref idref="fl-15"/>
      </object_component>
      <object_component id="oc-6c">
         <name>.text.main</name>
         <load_address>0x3dc</load_address>
         <readonly>true</readonly>
         <executable>true</executable>
         <run_address>0x3dc</run_address>
         <size>0x40</size>
         <alignment>0x4</alignment>
         <input_file_ref idref="fl-1"/>
      </object_component>
      <object_component id="oc-a5">
         <name>.text:__TI_auto_init_nobinit_nopinit</name>
         <load_address>0x41c</load_address>
         <readonly>true</readonly>
         <executable>true</executable>
         <run_address>0x41c</run_address>
         <size>0x3c</size>
         <alignment>0x4</alignment>
         <input_file_ref idref="fl-2f"/>
      </object_component>
      <object_component id="oc-bf">
         <name>.text.SYSCFG_DL_GPIO_init</name>
         <load_address>0x458</load_address>
         <readonly>true</readonly>
         <executable>true</executable>
         <run_address>0x458</run_address>
         <size>0x38</size>
         <alignment>0x4</alignment>
         <input_file_ref idref="fl-2"/>
      </object_component>
      <object_component id="oc-be">
         <name>.text.SYSCFG_DL_initPower</name>
         <load_address>0x490</load_address>
         <readonly>true</readonly>
         <executable>true</executable>
         <run_address>0x490</run_address>
         <size>0x34</size>
         <alignment>0x4</alignment>
         <input_file_ref idref="fl-2"/>
      </object_component>
      <object_component id="oc-34">
         <name>.text.UART0_IRQHandler</name>
         <load_address>0x4c4</load_address>
         <readonly>true</readonly>
         <executable>true</executable>
         <run_address>0x4c4</run_address>
         <size>0x34</size>
         <alignment>0x4</alignment>
         <input_file_ref idref="fl-5"/>
      </object_component>
      <object_component id="oc-8e">
         <name>.text.debug_uart_send_string</name>
         <load_address>0x4f8</load_address>
         <readonly>true</readonly>
         <executable>true</executable>
         <run_address>0x4f8</run_address>
         <size>0x34</size>
         <alignment>0x4</alignment>
         <input_file_ref idref="fl-5"/>
      </object_component>
      <object_component id="oc-90">
         <name>.text.strstr</name>
         <load_address>0x52c</load_address>
         <readonly>true</readonly>
         <executable>true</executable>
         <run_address>0x52c</run_address>
         <size>0x32</size>
         <alignment>0x2</alignment>
         <input_file_ref idref="fl-2c"/>
      </object_component>
      <object_component id="oc-54">
         <name>.text:_c_int00_noargs</name>
         <load_address>0x560</load_address>
         <readonly>true</readonly>
         <executable>true</executable>
         <run_address>0x560</run_address>
         <size>0x28</size>
         <alignment>0x4</alignment>
         <input_file_ref idref="fl-2d"/>
      </object_component>
      <object_component id="oc-94">
         <name>.text.set_debug_led_toggle</name>
         <load_address>0x588</load_address>
         <readonly>true</readonly>
         <executable>true</executable>
         <run_address>0x588</run_address>
         <size>0x24</size>
         <alignment>0x4</alignment>
         <input_file_ref idref="fl-4"/>
      </object_component>
      <object_component id="oc-99">
         <name>.text.clear_debug_uart_receive_data</name>
         <load_address>0x5ac</load_address>
         <readonly>true</readonly>
         <executable>true</executable>
         <run_address>0x5ac</run_address>
         <size>0x18</size>
         <alignment>0x4</alignment>
         <input_file_ref idref="fl-5"/>
      </object_component>
      <object_component id="oc-89">
         <name>.text.debug_uart_init</name>
         <load_address>0x5c4</load_address>
         <readonly>true</readonly>
         <executable>true</executable>
         <run_address>0x5c4</run_address>
         <size>0x18</size>
         <alignment>0x4</alignment>
         <input_file_ref idref="fl-5"/>
      </object_component>
      <object_component id="oc-4b">
         <name>.text:decompress:ZI:__TI_zero_init_nomemset</name>
         <load_address>0x5dc</load_address>
         <readonly>true</readonly>
         <executable>true</executable>
         <run_address>0x5dc</run_address>
         <size>0x16</size>
         <alignment>0x2</alignment>
         <input_file_ref idref="fl-32"/>
      </object_component>
      <object_component id="oc-84">
         <name>.text.SYSCFG_DL_init</name>
         <load_address>0x5f2</load_address>
         <readonly>true</readonly>
         <executable>true</executable>
         <run_address>0x5f2</run_address>
         <size>0x14</size>
         <alignment>0x2</alignment>
         <input_file_ref idref="fl-2"/>
      </object_component>
      <object_component id="oc-e8">
         <name>.text.DL_UART_setClockConfig</name>
         <load_address>0x606</load_address>
         <readonly>true</readonly>
         <executable>true</executable>
         <run_address>0x606</run_address>
         <size>0x12</size>
         <alignment>0x2</alignment>
         <input_file_ref idref="fl-14"/>
      </object_component>
      <object_component id="oc-63">
         <name>.text.__aeabi_memclr</name>
         <load_address>0x618</load_address>
         <readonly>true</readonly>
         <executable>true</executable>
         <run_address>0x618</run_address>
         <size>0xc</size>
         <alignment>0x4</alignment>
         <input_file_ref idref="fl-d9"/>
      </object_component>
      <object_component id="oc-8a">
         <name>.text.DL_Common_delayCycles</name>
         <load_address>0x624</load_address>
         <readonly>true</readonly>
         <executable>true</executable>
         <run_address>0x624</run_address>
         <size>0xa</size>
         <alignment>0x2</alignment>
         <input_file_ref idref="fl-13"/>
      </object_component>
      <object_component id="oc-8f">
         <name>.text.get_debug_uart_receive_data</name>
         <load_address>0x630</load_address>
         <readonly>true</readonly>
         <executable>true</executable>
         <run_address>0x630</run_address>
         <size>0x8</size>
         <alignment>0x4</alignment>
         <input_file_ref idref="fl-5"/>
      </object_component>
      <object_component id="oc-9e">
         <name>.text:abort</name>
         <load_address>0x638</load_address>
         <readonly>true</readonly>
         <executable>true</executable>
         <run_address>0x638</run_address>
         <size>0x6</size>
         <alignment>0x2</alignment>
         <input_file_ref idref="fl-35"/>
      </object_component>
      <object_component id="oc-ce">
         <name>.text.HOSTexit</name>
         <load_address>0x63e</load_address>
         <readonly>true</readonly>
         <executable>true</executable>
         <run_address>0x63e</run_address>
         <size>0x4</size>
         <alignment>0x2</alignment>
         <input_file_ref idref="fl-d7"/>
      </object_component>
      <object_component id="oc-2f">
         <name>.text.Reset_Handler</name>
         <load_address>0x642</load_address>
         <readonly>true</readonly>
         <executable>true</executable>
         <run_address>0x642</run_address>
         <size>0x4</size>
         <alignment>0x2</alignment>
         <input_file_ref idref="fl-3"/>
      </object_component>
      <object_component id="oc-68">
         <name>.text._system_pre_init</name>
         <load_address>0x646</load_address>
         <readonly>true</readonly>
         <executable>true</executable>
         <run_address>0x646</run_address>
         <size>0x4</size>
         <alignment>0x2</alignment>
         <input_file_ref idref="fl-30"/>
      </object_component>
      <object_component id="oc-141">
         <name>.cinit..bss.load</name>
         <load_address>0x6b0</load_address>
         <readonly>true</readonly>
         <run_address>0x6b0</run_address>
         <size>0x8</size>
         <alignment>0x4</alignment>
      </object_component>
      <object_component id="oc-13f">
         <name>__TI_handler_table</name>
         <load_address>0x6b8</load_address>
         <readonly>true</readonly>
         <run_address>0x6b8</run_address>
         <size>0x4</size>
         <alignment>0x4</alignment>
      </object_component>
      <object_component id="oc-140">
         <name>__TI_cinit_table</name>
         <load_address>0x6bc</load_address>
         <readonly>true</readonly>
         <run_address>0x6bc</run_address>
         <size>0x8</size>
         <alignment>0x4</alignment>
      </object_component>
      <object_component id="oc-e7">
         <name>.rodata.gSYSPLLConfig</name>
         <load_address>0x650</load_address>
         <readonly>true</readonly>
         <run_address>0x650</run_address>
         <size>0x28</size>
         <alignment>0x4</alignment>
         <input_file_ref idref="fl-2"/>
      </object_component>
      <object_component id="oc-9a">
         <name>.rodata.str1.9517790425240694019.1</name>
         <load_address>0x678</load_address>
         <readonly>true</readonly>
         <run_address>0x678</run_address>
         <size>0x1f</size>
         <alignment>0x1</alignment>
         <input_file_ref idref="fl-1"/>
      </object_component>
      <object_component id="oc-9b">
         <name>.rodata.str1.254342170260855183.1</name>
         <load_address>0x697</load_address>
         <readonly>true</readonly>
         <run_address>0x697</run_address>
         <size>0xb</size>
         <alignment>0x1</alignment>
         <input_file_ref idref="fl-1"/>
      </object_component>
      <object_component id="oc-f0">
         <name>.rodata.gUART_DEBUGConfig</name>
         <load_address>0x6a2</load_address>
         <readonly>true</readonly>
         <run_address>0x6a2</run_address>
         <size>0xa</size>
         <alignment>0x2</alignment>
         <input_file_ref idref="fl-2"/>
      </object_component>
      <object_component id="oc-ef">
         <name>.rodata.gUART_DEBUGClockConfig</name>
         <load_address>0x6ac</load_address>
         <readonly>true</readonly>
         <run_address>0x6ac</run_address>
         <size>0x2</size>
         <alignment>0x1</alignment>
         <input_file_ref idref="fl-2"/>
      </object_component>
      <object_component id="oc-109">
         <name>.binit</name>
         <load_address>0x0</load_address>
         <readonly>true</readonly>
         <run_address>0x0</run_address>
         <size>0x0</size>
         <alignment>0x4</alignment>
      </object_component>
      <object_component id="oc-cb">
         <name>.bss.debug_led.0</name>
         <uninitialized>true</uninitialized>
         <readwrite>true</readwrite>
         <run_address>0x20200084</run_address>
         <size>0x1</size>
         <alignment>0x1</alignment>
         <input_file_ref idref="fl-4"/>
      </object_component>
      <object_component id="oc-5b">
         <name>.common:debug_uart</name>
         <uninitialized>true</uninitialized>
         <readwrite>true</readwrite>
         <run_address>0x20200000</run_address>
         <size>0x84</size>
         <alignment>0x4</alignment>
      </object_component>
      <object_component id="oc-1a">
         <name>.stack</name>
         <uninitialized>true</uninitialized>
         <readwrite>true</readwrite>
         <run_address>0x20207e00</run_address>
         <size>0x4</size>
         <alignment>0x4</alignment>
         <input_file_ref idref="fl-2d"/>
      </object_component>
      <object_component id="oc-143">
         <name>.stack</name>
         <uninitialized>true</uninitialized>
         <readwrite>true</readwrite>
         <run_address>0x20207e00</run_address>
         <size>0x0</size>
         <alignment>0x8</alignment>
      </object_component>
      <object_component id="oc-9c">
         <name>.debug_abbrev</name>
         <load_address>0x0</load_address>
         <run_address>0x0</run_address>
         <size>0x74</size>
         <alignment>0x1</alignment>
         <input_file_ref idref="fl-1"/>
      </object_component>
      <object_component id="oc-c3">
         <name>.debug_abbrev</name>
         <load_address>0x74</load_address>
         <run_address>0x74</run_address>
         <size>0x1e6</size>
         <alignment>0x1</alignment>
         <input_file_ref idref="fl-2"/>
      </object_component>
      <object_component id="oc-39">
         <name>.debug_abbrev</name>
         <load_address>0x25a</load_address>
         <run_address>0x25a</run_address>
         <size>0x6d</size>
         <alignment>0x1</alignment>
         <input_file_ref idref="fl-3"/>
      </object_component>
      <object_component id="oc-cc">
         <name>.debug_abbrev</name>
         <load_address>0x2c7</load_address>
         <run_address>0x2c7</run_address>
         <size>0x13c</size>
         <alignment>0x1</alignment>
         <input_file_ref idref="fl-4"/>
      </object_component>
      <object_component id="oc-5c">
         <name>.debug_abbrev</name>
         <load_address>0x403</load_address>
         <run_address>0x403</run_address>
         <size>0x205</size>
         <alignment>0x1</alignment>
         <input_file_ref idref="fl-5"/>
      </object_component>
      <object_component id="oc-c5">
         <name>.debug_abbrev</name>
         <load_address>0x608</load_address>
         <run_address>0x608</run_address>
         <size>0x62</size>
         <alignment>0x1</alignment>
         <input_file_ref idref="fl-13"/>
      </object_component>
      <object_component id="oc-fe">
         <name>.debug_abbrev</name>
         <load_address>0x66a</load_address>
         <run_address>0x66a</run_address>
         <size>0x29b</size>
         <alignment>0x1</alignment>
         <input_file_ref idref="fl-14"/>
      </object_component>
      <object_component id="oc-fc">
         <name>.debug_abbrev</name>
         <load_address>0x905</load_address>
         <run_address>0x905</run_address>
         <size>0x218</size>
         <alignment>0x1</alignment>
         <input_file_ref idref="fl-15"/>
      </object_component>
      <object_component id="oc-c8">
         <name>.debug_abbrev</name>
         <load_address>0xb1d</load_address>
         <run_address>0xb1d</run_address>
         <size>0x8a</size>
         <alignment>0x1</alignment>
         <input_file_ref idref="fl-2c"/>
      </object_component>
      <object_component id="oc-3b">
         <name>.debug_abbrev</name>
         <load_address>0xba7</load_address>
         <run_address>0xba7</run_address>
         <size>0xaf</size>
         <alignment>0x1</alignment>
         <input_file_ref idref="fl-2d"/>
      </object_component>
      <object_component id="oc-d8">
         <name>.debug_abbrev</name>
         <load_address>0xc56</load_address>
         <run_address>0xc56</run_address>
         <size>0x170</size>
         <alignment>0x1</alignment>
         <input_file_ref idref="fl-2f"/>
      </object_component>
      <object_component id="oc-82">
         <name>.debug_abbrev</name>
         <load_address>0xdc6</load_address>
         <run_address>0xdc6</run_address>
         <size>0x39</size>
         <alignment>0x1</alignment>
         <input_file_ref idref="fl-30"/>
      </object_component>
      <object_component id="oc-61">
         <name>.debug_abbrev</name>
         <load_address>0xdff</load_address>
         <run_address>0xdff</run_address>
         <size>0xc2</size>
         <alignment>0x1</alignment>
         <input_file_ref idref="fl-32"/>
      </object_component>
      <object_component id="oc-d2">
         <name>.debug_abbrev</name>
         <load_address>0xec1</load_address>
         <run_address>0xec1</run_address>
         <size>0x98</size>
         <alignment>0x1</alignment>
         <input_file_ref idref="fl-35"/>
      </object_component>
      <object_component id="oc-f1">
         <name>.debug_abbrev</name>
         <load_address>0xf59</load_address>
         <run_address>0xf59</run_address>
         <size>0x2c</size>
         <alignment>0x1</alignment>
         <input_file_ref idref="fl-d7"/>
      </object_component>
      <object_component id="oc-81">
         <name>.debug_abbrev</name>
         <load_address>0xf85</load_address>
         <run_address>0xf85</run_address>
         <size>0x25</size>
         <alignment>0x1</alignment>
         <input_file_ref idref="fl-d9"/>
      </object_component>
      <object_component id="oc-de">
         <name>.debug_abbrev</name>
         <load_address>0xfaa</load_address>
         <run_address>0xfaa</run_address>
         <size>0x25</size>
         <alignment>0x1</alignment>
         <input_file_ref idref="fl-dd"/>
      </object_component>
      <object_component id="oc-145">
         <name>.debug_abbrev</name>
         <load_address>0xfcf</load_address>
         <run_address>0xfcf</run_address>
         <size>0xf</size>
         <alignment>0x0</alignment>
      </object_component>
      <object_component id="oc-6d">
         <name>.debug_info</name>
         <load_address>0x0</load_address>
         <run_address>0x0</run_address>
         <size>0xd8</size>
         <alignment>0x1</alignment>
         <input_file_ref idref="fl-1"/>
      </object_component>
      <object_component id="oc-85">
         <name>.debug_info</name>
         <load_address>0xd8</load_address>
         <run_address>0xd8</run_address>
         <size>0x2079</size>
         <alignment>0x1</alignment>
         <input_file_ref idref="fl-2"/>
      </object_component>
      <object_component id="oc-19">
         <name>.debug_info</name>
         <load_address>0x2151</load_address>
         <run_address>0x2151</run_address>
         <size>0x80</size>
         <alignment>0x1</alignment>
         <input_file_ref idref="fl-3"/>
      </object_component>
      <object_component id="oc-97">
         <name>.debug_info</name>
         <load_address>0x21d1</load_address>
         <run_address>0x21d1</run_address>
         <size>0x7e2</size>
         <alignment>0x1</alignment>
         <input_file_ref idref="fl-4"/>
      </object_component>
      <object_component id="oc-38">
         <name>.debug_info</name>
         <load_address>0x29b3</load_address>
         <run_address>0x29b3</run_address>
         <size>0xa27</size>
         <alignment>0x1</alignment>
         <input_file_ref idref="fl-5"/>
      </object_component>
      <object_component id="oc-8c">
         <name>.debug_info</name>
         <load_address>0x33da</load_address>
         <run_address>0x33da</run_address>
         <size>0x75</size>
         <alignment>0x1</alignment>
         <input_file_ref idref="fl-13"/>
      </object_component>
      <object_component id="oc-eb">
         <name>.debug_info</name>
         <load_address>0x344f</load_address>
         <run_address>0x344f</run_address>
         <size>0x12a6</size>
         <alignment>0x1</alignment>
         <input_file_ref idref="fl-14"/>
      </object_component>
      <object_component id="oc-e2">
         <name>.debug_info</name>
         <load_address>0x46f5</load_address>
         <run_address>0x46f5</run_address>
         <size>0x1090</size>
         <alignment>0x1</alignment>
         <input_file_ref idref="fl-15"/>
      </object_component>
      <object_component id="oc-92">
         <name>.debug_info</name>
         <load_address>0x5785</load_address>
         <run_address>0x5785</run_address>
         <size>0xb0</size>
         <alignment>0x1</alignment>
         <input_file_ref idref="fl-2c"/>
      </object_component>
      <object_component id="oc-1b">
         <name>.debug_info</name>
         <load_address>0x5835</load_address>
         <run_address>0x5835</run_address>
         <size>0x423</size>
         <alignment>0x1</alignment>
         <input_file_ref idref="fl-2d"/>
      </object_component>
      <object_component id="oc-a9">
         <name>.debug_info</name>
         <load_address>0x5c58</load_address>
         <run_address>0x5c58</run_address>
         <size>0x744</size>
         <alignment>0x1</alignment>
         <input_file_ref idref="fl-2f"/>
      </object_component>
      <object_component id="oc-69">
         <name>.debug_info</name>
         <load_address>0x639c</load_address>
         <run_address>0x639c</run_address>
         <size>0x46</size>
         <alignment>0x1</alignment>
         <input_file_ref idref="fl-30"/>
      </object_component>
      <object_component id="oc-4c">
         <name>.debug_info</name>
         <load_address>0x63e2</load_address>
         <run_address>0x63e2</run_address>
         <size>0x192</size>
         <alignment>0x1</alignment>
         <input_file_ref idref="fl-32"/>
      </object_component>
      <object_component id="oc-9f">
         <name>.debug_info</name>
         <load_address>0x6574</load_address>
         <run_address>0x6574</run_address>
         <size>0xf8</size>
         <alignment>0x1</alignment>
         <input_file_ref idref="fl-35"/>
      </object_component>
      <object_component id="oc-d1">
         <name>.debug_info</name>
         <load_address>0x666c</load_address>
         <run_address>0x666c</run_address>
         <size>0x3b</size>
         <alignment>0x1</alignment>
         <input_file_ref idref="fl-d7"/>
      </object_component>
      <object_component id="oc-66">
         <name>.debug_info</name>
         <load_address>0x66a7</load_address>
         <run_address>0x66a7</run_address>
         <size>0x1b5</size>
         <alignment>0x1</alignment>
         <input_file_ref idref="fl-d9"/>
      </object_component>
      <object_component id="oc-bb">
         <name>.debug_info</name>
         <load_address>0x685c</load_address>
         <run_address>0x685c</run_address>
         <size>0x244</size>
         <alignment>0x1</alignment>
         <input_file_ref idref="fl-dd"/>
      </object_component>
      <object_component id="oc-144">
         <name>.debug_info</name>
         <load_address>0x6aa0</load_address>
         <run_address>0x6aa0</run_address>
         <size>0xaf</size>
         <alignment>0x0</alignment>
      </object_component>
      <object_component id="oc-9d">
         <name>.debug_str</name>
         <load_address>0x0</load_address>
         <run_address>0x0</run_address>
         <size>0x183</size>
         <alignment>0x1</alignment>
         <input_file_ref idref="fl-1"/>
      </object_component>
      <object_component id="oc-c4">
         <name>.debug_str</name>
         <load_address>0x183</load_address>
         <run_address>0x183</run_address>
         <size>0x1c5a</size>
         <alignment>0x1</alignment>
         <input_file_ref idref="fl-2"/>
      </object_component>
      <object_component id="oc-3a">
         <name>.debug_str</name>
         <load_address>0x1ddd</load_address>
         <run_address>0x1ddd</run_address>
         <size>0x166</size>
         <alignment>0x1</alignment>
         <input_file_ref idref="fl-3"/>
      </object_component>
      <object_component id="oc-cd">
         <name>.debug_str</name>
         <load_address>0x1f43</load_address>
         <run_address>0x1f43</run_address>
         <size>0x500</size>
         <alignment>0x1</alignment>
         <input_file_ref idref="fl-4"/>
      </object_component>
      <object_component id="oc-5d">
         <name>.debug_str</name>
         <load_address>0x2443</load_address>
         <run_address>0x2443</run_address>
         <size>0x8de</size>
         <alignment>0x1</alignment>
         <input_file_ref idref="fl-5"/>
      </object_component>
      <object_component id="oc-c6">
         <name>.debug_str</name>
         <load_address>0x2d21</load_address>
         <run_address>0x2d21</run_address>
         <size>0x16d</size>
         <alignment>0x1</alignment>
         <input_file_ref idref="fl-13"/>
      </object_component>
      <object_component id="oc-ff">
         <name>.debug_str</name>
         <load_address>0x2e8e</load_address>
         <run_address>0x2e8e</run_address>
         <size>0xce3</size>
         <alignment>0x1</alignment>
         <input_file_ref idref="fl-14"/>
      </object_component>
      <object_component id="oc-fd">
         <name>.debug_str</name>
         <load_address>0x3b71</load_address>
         <run_address>0x3b71</run_address>
         <size>0x1075</size>
         <alignment>0x1</alignment>
         <input_file_ref idref="fl-15"/>
      </object_component>
      <object_component id="oc-c9">
         <name>.debug_str</name>
         <load_address>0x4be6</load_address>
         <run_address>0x4be6</run_address>
         <size>0x10a</size>
         <alignment>0x1</alignment>
         <input_file_ref idref="fl-2c"/>
      </object_component>
      <object_component id="oc-3c">
         <name>.debug_str</name>
         <load_address>0x4cf0</load_address>
         <run_address>0x4cf0</run_address>
         <size>0x225</size>
         <alignment>0x1</alignment>
         <input_file_ref idref="fl-2d"/>
      </object_component>
      <object_component id="oc-d9">
         <name>.debug_str</name>
         <load_address>0x4f15</load_address>
         <run_address>0x4f15</run_address>
         <size>0x32f</size>
         <alignment>0x1</alignment>
         <input_file_ref idref="fl-2f"/>
      </object_component>
      <object_component id="oc-83">
         <name>.debug_str</name>
         <load_address>0x5244</load_address>
         <run_address>0x5244</run_address>
         <size>0xf5</size>
         <alignment>0x1</alignment>
         <input_file_ref idref="fl-30"/>
      </object_component>
      <object_component id="oc-62">
         <name>.debug_str</name>
         <load_address>0x5339</load_address>
         <run_address>0x5339</run_address>
         <size>0x19b</size>
         <alignment>0x1</alignment>
         <input_file_ref idref="fl-32"/>
      </object_component>
      <object_component id="oc-d3">
         <name>.debug_str</name>
         <load_address>0x54d4</load_address>
         <run_address>0x54d4</run_address>
         <size>0x148</size>
         <alignment>0x1</alignment>
         <input_file_ref idref="fl-35"/>
      </object_component>
      <object_component id="oc-f2">
         <name>.debug_str</name>
         <load_address>0x561c</load_address>
         <run_address>0x561c</run_address>
         <size>0xe9</size>
         <alignment>0x1</alignment>
         <input_file_ref idref="fl-d7"/>
      </object_component>
      <object_component id="oc-6e">
         <name>.debug_frame</name>
         <load_address>0x0</load_address>
         <run_address>0x0</run_address>
         <size>0x20</size>
         <alignment>0x4</alignment>
         <input_file_ref idref="fl-1"/>
      </object_component>
      <object_component id="oc-88">
         <name>.debug_frame</name>
         <load_address>0x20</load_address>
         <run_address>0x20</run_address>
         <size>0x88</size>
         <alignment>0x4</alignment>
         <input_file_ref idref="fl-2"/>
      </object_component>
      <object_component id="oc-30">
         <name>.debug_frame</name>
         <load_address>0xa8</load_address>
         <run_address>0xa8</run_address>
         <size>0x30</size>
         <alignment>0x4</alignment>
         <input_file_ref idref="fl-3"/>
      </object_component>
      <object_component id="oc-98">
         <name>.debug_frame</name>
         <load_address>0xd8</load_address>
         <run_address>0xd8</run_address>
         <size>0x58</size>
         <alignment>0x4</alignment>
         <input_file_ref idref="fl-4"/>
      </object_component>
      <object_component id="oc-37">
         <name>.debug_frame</name>
         <load_address>0x130</load_address>
         <run_address>0x130</run_address>
         <size>0x80</size>
         <alignment>0x4</alignment>
         <input_file_ref idref="fl-5"/>
      </object_component>
      <object_component id="oc-8d">
         <name>.debug_frame</name>
         <load_address>0x1b0</load_address>
         <run_address>0x1b0</run_address>
         <size>0x20</size>
         <alignment>0x4</alignment>
         <input_file_ref idref="fl-13"/>
      </object_component>
      <object_component id="oc-ec">
         <name>.debug_frame</name>
         <load_address>0x1d0</load_address>
         <run_address>0x1d0</run_address>
         <size>0x1b8</size>
         <alignment>0x4</alignment>
         <input_file_ref idref="fl-14"/>
      </object_component>
      <object_component id="oc-e0">
         <name>.debug_frame</name>
         <load_address>0x388</load_address>
         <run_address>0x388</run_address>
         <size>0x12c</size>
         <alignment>0x4</alignment>
         <input_file_ref idref="fl-15"/>
      </object_component>
      <object_component id="oc-91">
         <name>.debug_frame</name>
         <load_address>0x4b4</load_address>
         <run_address>0x4b4</run_address>
         <size>0x28</size>
         <alignment>0x4</alignment>
         <input_file_ref idref="fl-2c"/>
      </object_component>
      <object_component id="oc-53">
         <name>.debug_frame</name>
         <load_address>0x4dc</load_address>
         <run_address>0x4dc</run_address>
         <size>0x90</size>
         <alignment>0x4</alignment>
         <input_file_ref idref="fl-2d"/>
      </object_component>
      <object_component id="oc-a6">
         <name>.debug_frame</name>
         <load_address>0x56c</load_address>
         <run_address>0x56c</run_address>
         <size>0x100</size>
         <alignment>0x4</alignment>
         <input_file_ref idref="fl-2f"/>
      </object_component>
      <object_component id="oc-6b">
         <name>.debug_frame</name>
         <load_address>0x66c</load_address>
         <run_address>0x66c</run_address>
         <size>0x20</size>
         <alignment>0x4</alignment>
         <input_file_ref idref="fl-30"/>
      </object_component>
      <object_component id="oc-4e">
         <name>.debug_frame</name>
         <load_address>0x68c</load_address>
         <run_address>0x68c</run_address>
         <size>0x38</size>
         <alignment>0x4</alignment>
         <input_file_ref idref="fl-32"/>
      </object_component>
      <object_component id="oc-a1">
         <name>.debug_frame</name>
         <load_address>0x6c4</load_address>
         <run_address>0x6c4</run_address>
         <size>0x30</size>
         <alignment>0x4</alignment>
         <input_file_ref idref="fl-35"/>
      </object_component>
      <object_component id="oc-d0">
         <name>.debug_frame</name>
         <load_address>0x6f4</load_address>
         <run_address>0x6f4</run_address>
         <size>0x20</size>
         <alignment>0x4</alignment>
         <input_file_ref idref="fl-d7"/>
      </object_component>
      <object_component id="oc-6f">
         <name>.debug_line</name>
         <load_address>0x0</load_address>
         <run_address>0x0</run_address>
         <size>0x5e</size>
         <alignment>0x1</alignment>
         <input_file_ref idref="fl-1"/>
      </object_component>
      <object_component id="oc-87">
         <name>.debug_line</name>
         <load_address>0x5e</load_address>
         <run_address>0x5e</run_address>
         <size>0x4f8</size>
         <alignment>0x1</alignment>
         <input_file_ref idref="fl-2"/>
      </object_component>
      <object_component id="oc-32">
         <name>.debug_line</name>
         <load_address>0x556</load_address>
         <run_address>0x556</run_address>
         <size>0xb8</size>
         <alignment>0x1</alignment>
         <input_file_ref idref="fl-3"/>
      </object_component>
      <object_component id="oc-96">
         <name>.debug_line</name>
         <load_address>0x60e</load_address>
         <run_address>0x60e</run_address>
         <size>0x254</size>
         <alignment>0x1</alignment>
         <input_file_ref idref="fl-4"/>
      </object_component>
      <object_component id="oc-35">
         <name>.debug_line</name>
         <load_address>0x862</load_address>
         <run_address>0x862</run_address>
         <size>0x3a7</size>
         <alignment>0x1</alignment>
         <input_file_ref idref="fl-5"/>
      </object_component>
      <object_component id="oc-8b">
         <name>.debug_line</name>
         <load_address>0xc09</load_address>
         <run_address>0xc09</run_address>
         <size>0x178</size>
         <alignment>0x1</alignment>
         <input_file_ref idref="fl-13"/>
      </object_component>
      <object_component id="oc-ea">
         <name>.debug_line</name>
         <load_address>0xd81</load_address>
         <run_address>0xd81</run_address>
         <size>0xa17</size>
         <alignment>0x1</alignment>
         <input_file_ref idref="fl-14"/>
      </object_component>
      <object_component id="oc-e1">
         <name>.debug_line</name>
         <load_address>0x1798</load_address>
         <run_address>0x1798</run_address>
         <size>0x982</size>
         <alignment>0x1</alignment>
         <input_file_ref idref="fl-15"/>
      </object_component>
      <object_component id="oc-93">
         <name>.debug_line</name>
         <load_address>0x211a</load_address>
         <run_address>0x211a</run_address>
         <size>0x79</size>
         <alignment>0x1</alignment>
         <input_file_ref idref="fl-2c"/>
      </object_component>
      <object_component id="oc-3d">
         <name>.debug_line</name>
         <load_address>0x2193</load_address>
         <run_address>0x2193</run_address>
         <size>0x1dc</size>
         <alignment>0x1</alignment>
         <input_file_ref idref="fl-2d"/>
      </object_component>
      <object_component id="oc-a7">
         <name>.debug_line</name>
         <load_address>0x236f</load_address>
         <run_address>0x236f</run_address>
         <size>0x51a</size>
         <alignment>0x1</alignment>
         <input_file_ref idref="fl-2f"/>
      </object_component>
      <object_component id="oc-6a">
         <name>.debug_line</name>
         <load_address>0x2889</load_address>
         <run_address>0x2889</run_address>
         <size>0x3e</size>
         <alignment>0x1</alignment>
         <input_file_ref idref="fl-30"/>
      </object_component>
      <object_component id="oc-4f">
         <name>.debug_line</name>
         <load_address>0x28c7</load_address>
         <run_address>0x28c7</run_address>
         <size>0xfe</size>
         <alignment>0x1</alignment>
         <input_file_ref idref="fl-32"/>
      </object_component>
      <object_component id="oc-a2">
         <name>.debug_line</name>
         <load_address>0x29c5</load_address>
         <run_address>0x29c5</run_address>
         <size>0x67</size>
         <alignment>0x1</alignment>
         <input_file_ref idref="fl-35"/>
      </object_component>
      <object_component id="oc-cf">
         <name>.debug_line</name>
         <load_address>0x2a2c</load_address>
         <run_address>0x2a2c</run_address>
         <size>0x41</size>
         <alignment>0x1</alignment>
         <input_file_ref idref="fl-d7"/>
      </object_component>
      <object_component id="oc-67">
         <name>.debug_line</name>
         <load_address>0x2a6d</load_address>
         <run_address>0x2a6d</run_address>
         <size>0xba</size>
         <alignment>0x1</alignment>
         <input_file_ref idref="fl-d9"/>
      </object_component>
      <object_component id="oc-bc">
         <name>.debug_line</name>
         <load_address>0x2b27</load_address>
         <run_address>0x2b27</run_address>
         <size>0x80</size>
         <alignment>0x1</alignment>
         <input_file_ref idref="fl-dd"/>
      </object_component>
      <object_component id="oc-c1">
         <name>.debug_loc</name>
         <load_address>0x0</load_address>
         <run_address>0x0</run_address>
         <size>0xee</size>
         <alignment>0x1</alignment>
         <input_file_ref idref="fl-2"/>
      </object_component>
      <object_component id="oc-5e">
         <name>.debug_loc</name>
         <load_address>0xee</load_address>
         <run_address>0xee</run_address>
         <size>0x42</size>
         <alignment>0x1</alignment>
         <input_file_ref idref="fl-5"/>
      </object_component>
      <object_component id="oc-c7">
         <name>.debug_loc</name>
         <load_address>0x130</load_address>
         <run_address>0x130</run_address>
         <size>0x13</size>
         <alignment>0x1</alignment>
         <input_file_ref idref="fl-13"/>
      </object_component>
      <object_component id="oc-e9">
         <name>.debug_loc</name>
         <load_address>0x143</load_address>
         <run_address>0x143</run_address>
         <size>0x7bc</size>
         <alignment>0x1</alignment>
         <input_file_ref idref="fl-14"/>
      </object_component>
      <object_component id="oc-e3">
         <name>.debug_loc</name>
         <load_address>0x8ff</load_address>
         <run_address>0x8ff</run_address>
         <size>0x414</size>
         <alignment>0x1</alignment>
         <input_file_ref idref="fl-15"/>
      </object_component>
      <object_component id="oc-ca">
         <name>.debug_loc</name>
         <load_address>0xd13</load_address>
         <run_address>0xd13</run_address>
         <size>0x91</size>
         <alignment>0x1</alignment>
         <input_file_ref idref="fl-2c"/>
      </object_component>
      <object_component id="oc-3f">
         <name>.debug_loc</name>
         <load_address>0xda4</load_address>
         <run_address>0xda4</run_address>
         <size>0xd8</size>
         <alignment>0x1</alignment>
         <input_file_ref idref="fl-2d"/>
      </object_component>
      <object_component id="oc-a8">
         <name>.debug_loc</name>
         <load_address>0xe7c</load_address>
         <run_address>0xe7c</run_address>
         <size>0x424</size>
         <alignment>0x1</alignment>
         <input_file_ref idref="fl-2f"/>
      </object_component>
      <object_component id="oc-4d">
         <name>.debug_loc</name>
         <load_address>0x12a0</load_address>
         <run_address>0x12a0</run_address>
         <size>0x16c</size>
         <alignment>0x1</alignment>
         <input_file_ref idref="fl-32"/>
      </object_component>
      <object_component id="oc-a4">
         <name>.debug_loc</name>
         <load_address>0x140c</load_address>
         <run_address>0x140c</run_address>
         <size>0x26</size>
         <alignment>0x1</alignment>
         <input_file_ref idref="fl-35"/>
      </object_component>
      <object_component id="oc-86">
         <name>.debug_ranges</name>
         <load_address>0x0</load_address>
         <run_address>0x0</run_address>
         <size>0x30</size>
         <alignment>0x1</alignment>
         <input_file_ref idref="fl-2"/>
      </object_component>
      <object_component id="oc-31">
         <name>.debug_ranges</name>
         <load_address>0x30</load_address>
         <run_address>0x30</run_address>
         <size>0x18</size>
         <alignment>0x1</alignment>
         <input_file_ref idref="fl-3"/>
      </object_component>
      <object_component id="oc-95">
         <name>.debug_ranges</name>
         <load_address>0x48</load_address>
         <run_address>0x48</run_address>
         <size>0x28</size>
         <alignment>0x1</alignment>
         <input_file_ref idref="fl-4"/>
      </object_component>
      <object_component id="oc-36">
         <name>.debug_ranges</name>
         <load_address>0x70</load_address>
         <run_address>0x70</run_address>
         <size>0x90</size>
         <alignment>0x1</alignment>
         <input_file_ref idref="fl-5"/>
      </object_component>
      <object_component id="oc-ed">
         <name>.debug_ranges</name>
         <load_address>0x100</load_address>
         <run_address>0x100</run_address>
         <size>0x1a8</size>
         <alignment>0x1</alignment>
         <input_file_ref idref="fl-14"/>
      </object_component>
      <object_component id="oc-e4">
         <name>.debug_ranges</name>
         <load_address>0x2a8</load_address>
         <run_address>0x2a8</run_address>
         <size>0x1a8</size>
         <alignment>0x1</alignment>
         <input_file_ref idref="fl-15"/>
      </object_component>
      <object_component id="oc-3e">
         <name>.debug_ranges</name>
         <load_address>0x450</load_address>
         <run_address>0x450</run_address>
         <size>0x48</size>
         <alignment>0x1</alignment>
         <input_file_ref idref="fl-2d"/>
      </object_component>
      <object_component id="oc-aa">
         <name>.debug_ranges</name>
         <load_address>0x498</load_address>
         <run_address>0x498</run_address>
         <size>0x48</size>
         <alignment>0x1</alignment>
         <input_file_ref idref="fl-2f"/>
      </object_component>
      <object_component id="oc-50">
         <name>.debug_ranges</name>
         <load_address>0x4e0</load_address>
         <run_address>0x4e0</run_address>
         <size>0x18</size>
         <alignment>0x1</alignment>
         <input_file_ref idref="fl-32"/>
      </object_component>
      <object_component id="oc-a0">
         <name>.debug_ranges</name>
         <load_address>0x4f8</load_address>
         <run_address>0x4f8</run_address>
         <size>0x18</size>
         <alignment>0x1</alignment>
         <input_file_ref idref="fl-35"/>
      </object_component>
      <object_component id="oc-65">
         <name>.debug_ranges</name>
         <load_address>0x510</load_address>
         <run_address>0x510</run_address>
         <size>0x28</size>
         <alignment>0x1</alignment>
         <input_file_ref idref="fl-d9"/>
      </object_component>
      <object_component id="oc-b9">
         <name>.debug_ranges</name>
         <load_address>0x538</load_address>
         <run_address>0x538</run_address>
         <size>0x28</size>
         <alignment>0x1</alignment>
         <input_file_ref idref="fl-dd"/>
      </object_component>
      <object_component id="oc-64">
         <name>.debug_aranges</name>
         <load_address>0x0</load_address>
         <run_address>0x0</run_address>
         <size>0x28</size>
         <alignment>0x1</alignment>
         <input_file_ref idref="fl-d9"/>
      </object_component>
      <object_component id="oc-ba">
         <name>.debug_aranges</name>
         <load_address>0x28</load_address>
         <run_address>0x28</run_address>
         <size>0x28</size>
         <alignment>0x1</alignment>
         <input_file_ref idref="fl-dd"/>
      </object_component>
   </object_component_list>
   <logical_group_list>
      <logical_group id="lg-2" display="no" color="cyan">
         <name>.intvecs</name>
         <load_address>0x0</load_address>
         <run_address>0x0</run_address>
         <size>0xc0</size>
         <contents>
            <object_component_ref idref="oc-18"/>
         </contents>
      </logical_group>
      <logical_group id="lg-3" display="no" color="cyan">
         <name>.text</name>
         <load_address>0xc0</load_address>
         <run_address>0xc0</run_address>
         <size>0x590</size>
         <contents>
            <object_component_ref idref="oc-e5"/>
            <object_component_ref idref="oc-c2"/>
            <object_component_ref idref="oc-df"/>
            <object_component_ref idref="oc-c0"/>
            <object_component_ref idref="oc-bd"/>
            <object_component_ref idref="oc-33"/>
            <object_component_ref idref="oc-ee"/>
            <object_component_ref idref="oc-e6"/>
            <object_component_ref idref="oc-6c"/>
            <object_component_ref idref="oc-a5"/>
            <object_component_ref idref="oc-bf"/>
            <object_component_ref idref="oc-be"/>
            <object_component_ref idref="oc-34"/>
            <object_component_ref idref="oc-8e"/>
            <object_component_ref idref="oc-90"/>
            <object_component_ref idref="oc-54"/>
            <object_component_ref idref="oc-94"/>
            <object_component_ref idref="oc-99"/>
            <object_component_ref idref="oc-89"/>
            <object_component_ref idref="oc-4b"/>
            <object_component_ref idref="oc-84"/>
            <object_component_ref idref="oc-e8"/>
            <object_component_ref idref="oc-63"/>
            <object_component_ref idref="oc-8a"/>
            <object_component_ref idref="oc-8f"/>
            <object_component_ref idref="oc-9e"/>
            <object_component_ref idref="oc-ce"/>
            <object_component_ref idref="oc-2f"/>
            <object_component_ref idref="oc-68"/>
         </contents>
      </logical_group>
      <logical_group id="lg-4" display="no" color="cyan">
         <name>.const</name>
         <run_address>0x0</run_address>
         <size>0x0</size>
         <contents>
         </contents>
      </logical_group>
      <logical_group id="lg-5" display="no" color="cyan">
         <name>.cinit</name>
         <load_address>0x6b0</load_address>
         <run_address>0x6b0</run_address>
         <size>0x18</size>
         <contents>
            <object_component_ref idref="oc-141"/>
            <object_component_ref idref="oc-13f"/>
            <object_component_ref idref="oc-140"/>
         </contents>
      </logical_group>
      <logical_group id="lg-6" display="no" color="cyan">
         <name>.pinit</name>
         <run_address>0x0</run_address>
         <size>0x0</size>
         <contents>
         </contents>
      </logical_group>
      <logical_group id="lg-7" display="no" color="cyan">
         <name>.rodata</name>
         <load_address>0x650</load_address>
         <run_address>0x650</run_address>
         <size>0x60</size>
         <contents>
            <object_component_ref idref="oc-e7"/>
            <object_component_ref idref="oc-9a"/>
            <object_component_ref idref="oc-9b"/>
            <object_component_ref idref="oc-f0"/>
            <object_component_ref idref="oc-ef"/>
         </contents>
      </logical_group>
      <logical_group id="lg-8" display="no" color="cyan">
         <name>.ARM.exidx</name>
         <run_address>0x0</run_address>
         <size>0x0</size>
         <contents>
         </contents>
      </logical_group>
      <logical_group id="lg-9" display="no" color="cyan">
         <name>.init_array</name>
         <run_address>0x0</run_address>
         <size>0x0</size>
         <contents>
         </contents>
      </logical_group>
      <logical_group id="lg-a" display="no" color="cyan">
         <name>.binit</name>
         <load_address>0x0</load_address>
         <run_address>0x0</run_address>
         <size>0x0</size>
         <contents>
            <object_component_ref idref="oc-109"/>
         </contents>
      </logical_group>
      <logical_group id="lg-b" display="no" color="cyan">
         <name>.TI.ramfunc</name>
         <run_address>0x0</run_address>
         <size>0x0</size>
         <contents>
         </contents>
      </logical_group>
      <logical_group id="lg-c" display="no" color="cyan">
         <name>.vtable</name>
         <run_address>0x0</run_address>
         <size>0x0</size>
         <contents>
         </contents>
      </logical_group>
      <logical_group id="lg-d" display="no" color="cyan">
         <name>.args</name>
         <run_address>0x0</run_address>
         <size>0x0</size>
         <contents>
         </contents>
      </logical_group>
      <logical_group id="lg-e" display="no" color="cyan">
         <name>.data</name>
         <run_address>0x0</run_address>
         <size>0x0</size>
         <contents>
         </contents>
      </logical_group>
      <logical_group id="lg-f" display="no" color="cyan">
         <name>.bss</name>
         <run_address>0x20200000</run_address>
         <size>0x85</size>
         <contents>
            <object_component_ref idref="oc-cb"/>
            <object_component_ref idref="oc-5b"/>
         </contents>
      </logical_group>
      <logical_group id="lg-10" display="no" color="cyan">
         <name>.sysmem</name>
         <run_address>0x0</run_address>
         <size>0x0</size>
         <contents>
         </contents>
      </logical_group>
      <logical_group id="lg-11" display="no" color="cyan">
         <name>.stack</name>
         <run_address>0x20207e00</run_address>
         <size>0x200</size>
         <contents>
            <object_component_ref idref="oc-1a"/>
            <object_component_ref idref="oc-143"/>
         </contents>
      </logical_group>
      <logical_group id="lg-12" display="no" color="cyan">
         <name>.BCRConfig</name>
         <run_address>0x0</run_address>
         <size>0x0</size>
         <contents>
         </contents>
      </logical_group>
      <logical_group id="lg-13" display="no" color="cyan">
         <name>.BSLConfig</name>
         <run_address>0x0</run_address>
         <size>0x0</size>
         <contents>
         </contents>
      </logical_group>
      <logical_group id="lg-100" display="no" color="cyan">
         <name>.TI.noinit</name>
         <run_address>0x0</run_address>
         <size>0x0</size>
         <contents>
         </contents>
      </logical_group>
      <logical_group id="lg-101" display="no" color="cyan">
         <name>.TI.persistent</name>
         <run_address>0x0</run_address>
         <size>0x0</size>
         <contents>
         </contents>
      </logical_group>
      <logical_group id="lg-102" display="no" color="cyan">
         <name>.TI.local</name>
         <run_address>0x0</run_address>
         <size>0x0</size>
         <contents>
         </contents>
      </logical_group>
      <logical_group id="lg-103" display="no" color="cyan">
         <name>.TI.onchip</name>
         <run_address>0x0</run_address>
         <size>0x0</size>
         <contents>
         </contents>
      </logical_group>
      <logical_group id="lg-104" display="no" color="cyan">
         <name>.TI.offchip</name>
         <run_address>0x0</run_address>
         <size>0x0</size>
         <contents>
         </contents>
      </logical_group>
      <logical_group id="lg-105" display="no" color="cyan">
         <name>__llvm_prf_cnts</name>
         <run_address>0x20200000</run_address>
         <size>0x0</size>
         <contents>
         </contents>
      </logical_group>
      <logical_group id="lg-107" display="no" color="cyan">
         <name>__llvm_prf_bits</name>
         <run_address>0x20200000</run_address>
         <size>0x0</size>
         <contents>
         </contents>
      </logical_group>
      <logical_group id="lg-123" display="never" color="cyan">
         <name>.debug_abbrev</name>
         <load_address>0x0</load_address>
         <run_address>0x0</run_address>
         <size>0xfde</size>
         <contents>
            <object_component_ref idref="oc-9c"/>
            <object_component_ref idref="oc-c3"/>
            <object_component_ref idref="oc-39"/>
            <object_component_ref idref="oc-cc"/>
            <object_component_ref idref="oc-5c"/>
            <object_component_ref idref="oc-c5"/>
            <object_component_ref idref="oc-fe"/>
            <object_component_ref idref="oc-fc"/>
            <object_component_ref idref="oc-c8"/>
            <object_component_ref idref="oc-3b"/>
            <object_component_ref idref="oc-d8"/>
            <object_component_ref idref="oc-82"/>
            <object_component_ref idref="oc-61"/>
            <object_component_ref idref="oc-d2"/>
            <object_component_ref idref="oc-f1"/>
            <object_component_ref idref="oc-81"/>
            <object_component_ref idref="oc-de"/>
            <object_component_ref idref="oc-145"/>
         </contents>
      </logical_group>
      <logical_group id="lg-125" display="never" color="cyan">
         <name>.debug_info</name>
         <load_address>0x0</load_address>
         <run_address>0x0</run_address>
         <size>0x6b4f</size>
         <contents>
            <object_component_ref idref="oc-6d"/>
            <object_component_ref idref="oc-85"/>
            <object_component_ref idref="oc-19"/>
            <object_component_ref idref="oc-97"/>
            <object_component_ref idref="oc-38"/>
            <object_component_ref idref="oc-8c"/>
            <object_component_ref idref="oc-eb"/>
            <object_component_ref idref="oc-e2"/>
            <object_component_ref idref="oc-92"/>
            <object_component_ref idref="oc-1b"/>
            <object_component_ref idref="oc-a9"/>
            <object_component_ref idref="oc-69"/>
            <object_component_ref idref="oc-4c"/>
            <object_component_ref idref="oc-9f"/>
            <object_component_ref idref="oc-d1"/>
            <object_component_ref idref="oc-66"/>
            <object_component_ref idref="oc-bb"/>
            <object_component_ref idref="oc-144"/>
         </contents>
      </logical_group>
      <logical_group id="lg-127" display="never" color="cyan">
         <name>.debug_str</name>
         <load_address>0x0</load_address>
         <run_address>0x0</run_address>
         <size>0x5705</size>
         <contents>
            <object_component_ref idref="oc-9d"/>
            <object_component_ref idref="oc-c4"/>
            <object_component_ref idref="oc-3a"/>
            <object_component_ref idref="oc-cd"/>
            <object_component_ref idref="oc-5d"/>
            <object_component_ref idref="oc-c6"/>
            <object_component_ref idref="oc-ff"/>
            <object_component_ref idref="oc-fd"/>
            <object_component_ref idref="oc-c9"/>
            <object_component_ref idref="oc-3c"/>
            <object_component_ref idref="oc-d9"/>
            <object_component_ref idref="oc-83"/>
            <object_component_ref idref="oc-62"/>
            <object_component_ref idref="oc-d3"/>
            <object_component_ref idref="oc-f2"/>
         </contents>
      </logical_group>
      <logical_group id="lg-129" display="never" color="cyan">
         <name>.debug_frame</name>
         <load_address>0x0</load_address>
         <run_address>0x0</run_address>
         <size>0x714</size>
         <contents>
            <object_component_ref idref="oc-6e"/>
            <object_component_ref idref="oc-88"/>
            <object_component_ref idref="oc-30"/>
            <object_component_ref idref="oc-98"/>
            <object_component_ref idref="oc-37"/>
            <object_component_ref idref="oc-8d"/>
            <object_component_ref idref="oc-ec"/>
            <object_component_ref idref="oc-e0"/>
            <object_component_ref idref="oc-91"/>
            <object_component_ref idref="oc-53"/>
            <object_component_ref idref="oc-a6"/>
            <object_component_ref idref="oc-6b"/>
            <object_component_ref idref="oc-4e"/>
            <object_component_ref idref="oc-a1"/>
            <object_component_ref idref="oc-d0"/>
         </contents>
      </logical_group>
      <logical_group id="lg-12b" display="never" color="cyan">
         <name>.debug_line</name>
         <load_address>0x0</load_address>
         <run_address>0x0</run_address>
         <size>0x2ba7</size>
         <contents>
            <object_component_ref idref="oc-6f"/>
            <object_component_ref idref="oc-87"/>
            <object_component_ref idref="oc-32"/>
            <object_component_ref idref="oc-96"/>
            <object_component_ref idref="oc-35"/>
            <object_component_ref idref="oc-8b"/>
            <object_component_ref idref="oc-ea"/>
            <object_component_ref idref="oc-e1"/>
            <object_component_ref idref="oc-93"/>
            <object_component_ref idref="oc-3d"/>
            <object_component_ref idref="oc-a7"/>
            <object_component_ref idref="oc-6a"/>
            <object_component_ref idref="oc-4f"/>
            <object_component_ref idref="oc-a2"/>
            <object_component_ref idref="oc-cf"/>
            <object_component_ref idref="oc-67"/>
            <object_component_ref idref="oc-bc"/>
         </contents>
      </logical_group>
      <logical_group id="lg-12d" display="never" color="cyan">
         <name>.debug_loc</name>
         <load_address>0x0</load_address>
         <run_address>0x0</run_address>
         <size>0x1432</size>
         <contents>
            <object_component_ref idref="oc-c1"/>
            <object_component_ref idref="oc-5e"/>
            <object_component_ref idref="oc-c7"/>
            <object_component_ref idref="oc-e9"/>
            <object_component_ref idref="oc-e3"/>
            <object_component_ref idref="oc-ca"/>
            <object_component_ref idref="oc-3f"/>
            <object_component_ref idref="oc-a8"/>
            <object_component_ref idref="oc-4d"/>
            <object_component_ref idref="oc-a4"/>
         </contents>
      </logical_group>
      <logical_group id="lg-12f" display="never" color="cyan">
         <name>.debug_ranges</name>
         <load_address>0x0</load_address>
         <run_address>0x0</run_address>
         <size>0x560</size>
         <contents>
            <object_component_ref idref="oc-86"/>
            <object_component_ref idref="oc-31"/>
            <object_component_ref idref="oc-95"/>
            <object_component_ref idref="oc-36"/>
            <object_component_ref idref="oc-ed"/>
            <object_component_ref idref="oc-e4"/>
            <object_component_ref idref="oc-3e"/>
            <object_component_ref idref="oc-aa"/>
            <object_component_ref idref="oc-50"/>
            <object_component_ref idref="oc-a0"/>
            <object_component_ref idref="oc-65"/>
            <object_component_ref idref="oc-b9"/>
         </contents>
      </logical_group>
      <logical_group id="lg-139" display="never" color="cyan">
         <name>.debug_aranges</name>
         <load_address>0x0</load_address>
         <run_address>0x0</run_address>
         <size>0x50</size>
         <contents>
            <object_component_ref idref="oc-64"/>
            <object_component_ref idref="oc-ba"/>
         </contents>
      </logical_group>
      <logical_group id="lg-142" display="no" color="cyan">
         <name>Veneer$$CMSE</name>
         <run_address>0x0</run_address>
         <size>0x0</size>
         <contents>
         </contents>
      </logical_group>
      <load_segment id="lg-14b" display="no" color="cyan">
         <name>SEGMENT_0</name>
         <load_address>0x0</load_address>
         <run_address>0x0</run_address>
         <size>0x6c8</size>
         <flags>0x5</flags>
         <contents>
            <logical_group_ref idref="lg-2"/>
            <logical_group_ref idref="lg-3"/>
            <logical_group_ref idref="lg-7"/>
            <logical_group_ref idref="lg-5"/>
         </contents>
      </load_segment>
      <load_segment id="lg-14c" display="no" color="cyan">
         <name>SEGMENT_1</name>
         <run_address>0x20200000</run_address>
         <size>0x85</size>
         <flags>0x6</flags>
         <contents>
            <logical_group_ref idref="lg-f"/>
         </contents>
      </load_segment>
      <load_segment id="lg-14d" display="no" color="cyan">
         <name>SEGMENT_2</name>
         <run_address>0x20207e00</run_address>
         <size>0x200</size>
         <flags>0x6</flags>
         <contents>
            <logical_group_ref idref="lg-11"/>
         </contents>
      </load_segment>
   </logical_group_list>
   <placement_map>
      <memory_area display="yes" color="green">
         <name>FLASH</name>
         <page_id>0x0</page_id>
         <origin>0x0</origin>
         <length>0x20000</length>
         <used_space>0x6c8</used_space>
         <unused_space>0x1f938</unused_space>
         <attributes>RX</attributes>
         <usage_details>
            <allocated_space>
               <start_address>0x0</start_address>
               <size>0x0</size>
               <logical_group_ref idref="lg-a"/>
            </allocated_space>
            <allocated_space>
               <start_address>0x0</start_address>
               <size>0xc0</size>
               <logical_group_ref idref="lg-2"/>
            </allocated_space>
            <allocated_space>
               <start_address>0xc0</start_address>
               <size>0x590</size>
               <logical_group_ref idref="lg-3"/>
            </allocated_space>
            <allocated_space>
               <start_address>0x650</start_address>
               <size>0x60</size>
               <logical_group_ref idref="lg-7"/>
            </allocated_space>
            <allocated_space>
               <start_address>0x6b0</start_address>
               <size>0x18</size>
               <logical_group_ref idref="lg-5"/>
            </allocated_space>
            <available_space>
               <start_address>0x6c8</start_address>
               <size>0x1f938</size>
            </available_space>
         </usage_details>
      </memory_area>
      <memory_area display="yes" color="green">
         <name>SRAM</name>
         <page_id>0x0</page_id>
         <origin>0x20200000</origin>
         <length>0x8000</length>
         <used_space>0x285</used_space>
         <unused_space>0x7d7b</unused_space>
         <attributes>RWX</attributes>
         <usage_details>
            <allocated_space>
               <start_address>0x20200000</start_address>
               <size>0x0</size>
               <logical_group_ref idref="lg-105"/>
            </allocated_space>
            <allocated_space>
               <start_address>0x20200000</start_address>
               <size>0x0</size>
               <logical_group_ref idref="lg-107"/>
            </allocated_space>
            <allocated_space>
               <start_address>0x20200000</start_address>
               <size>0x85</size>
               <logical_group_ref idref="lg-f"/>
            </allocated_space>
            <available_space>
               <start_address>0x20200085</start_address>
               <size>0x7d7b</size>
            </available_space>
            <allocated_space>
               <start_address>0x20207e00</start_address>
               <size>0x200</size>
               <logical_group_ref idref="lg-11"/>
            </allocated_space>
         </usage_details>
      </memory_area>
      <memory_area display="yes" color="green">
         <name>BCR_CONFIG</name>
         <page_id>0x0</page_id>
         <origin>0x41c00000</origin>
         <length>0xff</length>
         <used_space>0x0</used_space>
         <unused_space>0xff</unused_space>
         <attributes>R</attributes>
         <usage_details>
         </usage_details>
      </memory_area>
      <memory_area display="yes" color="green">
         <name>BSL_CONFIG</name>
         <page_id>0x0</page_id>
         <origin>0x41c00100</origin>
         <length>0x80</length>
         <used_space>0x0</used_space>
         <unused_space>0x80</unused_space>
         <attributes>R</attributes>
         <usage_details>
         </usage_details>
      </memory_area>
   </placement_map>
   <cptbl_list>
      <cptbl>
         <name>__TI_cinit_table</name>
         <cprec>
            <name>.bss</name>
            <load_address>0x6b0</load_address>
            <load_size>0x8</load_size>
            <run_address>0x20200000</run_address>
            <run_size>0x85</run_size>
            <compression>zero_init</compression>
         </cprec>
      </cptbl>
   </cptbl_list>
   <handler_table>
      <handler_table_name>__TI_handler_table</handler_table_name>
      <handler>
         <index>0x0</index>
         <name>__TI_zero_init</name>
      </handler>
   </handler_table>
   <symbol_table>
      <symbol id="sm-1">
         <name>__start___llvm_prf_cnts</name>
         <value>0x20200000</value>
      </symbol>
      <symbol id="sm-2">
         <name>__stop___llvm_prf_cnts</name>
         <value>0x20200000</value>
      </symbol>
      <symbol id="sm-3">
         <name>__start___llvm_prf_bits</name>
         <value>0x20200000</value>
      </symbol>
      <symbol id="sm-4">
         <name>__stop___llvm_prf_bits</name>
         <value>0x20200000</value>
      </symbol>
      <symbol id="sm-5">
         <name>__TI_CINIT_Base</name>
         <value>0x6bc</value>
      </symbol>
      <symbol id="sm-6">
         <name>__TI_CINIT_Limit</name>
         <value>0x6c4</value>
      </symbol>
      <symbol id="sm-7">
         <name>__TI_CINIT_Warm</name>
         <value>0x6c4</value>
      </symbol>
      <symbol id="sm-8">
         <name>__TI_Handler_Table_Base</name>
         <value>0x6b8</value>
      </symbol>
      <symbol id="sm-9">
         <name>__TI_Handler_Table_Limit</name>
         <value>0x6bc</value>
      </symbol>
      <symbol id="sm-a">
         <name>binit</name>
         <value>0xffffffff</value>
      </symbol>
      <symbol id="sm-b">
         <name>__binit__</name>
         <value>0xffffffff</value>
      </symbol>
      <symbol id="sm-c">
         <name>__STACK_SIZE</name>
         <value>0x200</value>
      </symbol>
      <symbol id="sm-d">
         <name>__STACK_END</name>
         <value>0x20208000</value>
      </symbol>
      <symbol id="sm-e">
         <name>__TI_pprof_out_hndl</name>
         <value>0xffffffff</value>
      </symbol>
      <symbol id="sm-f">
         <name>__TI_prof_data_start</name>
         <value>0xffffffff</value>
      </symbol>
      <symbol id="sm-10">
         <name>__TI_prof_data_size</name>
         <value>0xffffffff</value>
      </symbol>
      <symbol id="sm-3d">
         <name>main</name>
         <value>0x3dd</value>
         <object_component_ref idref="oc-6c"/>
      </symbol>
      <symbol id="sm-59">
         <name>SYSCFG_DL_init</name>
         <value>0x5f3</value>
         <object_component_ref idref="oc-84"/>
      </symbol>
      <symbol id="sm-5a">
         <name>SYSCFG_DL_initPower</name>
         <value>0x491</value>
         <object_component_ref idref="oc-be"/>
      </symbol>
      <symbol id="sm-5b">
         <name>SYSCFG_DL_GPIO_init</name>
         <value>0x459</value>
         <object_component_ref idref="oc-bf"/>
      </symbol>
      <symbol id="sm-5c">
         <name>SYSCFG_DL_SYSCTL_init</name>
         <value>0x289</value>
         <object_component_ref idref="oc-c0"/>
      </symbol>
      <symbol id="sm-5d">
         <name>SYSCFG_DL_UART_DEBUG_init</name>
         <value>0x19d</value>
         <object_component_ref idref="oc-c2"/>
      </symbol>
      <symbol id="sm-68">
         <name>Default_Handler</name>
         <value>0x34f</value>
         <object_component_ref idref="oc-33"/>
      </symbol>
      <symbol id="sm-69">
         <name>Reset_Handler</name>
         <value>0x643</value>
         <object_component_ref idref="oc-2f"/>
      </symbol>
      <symbol id="sm-6a">
         <name>interruptVectors</name>
         <value>0x0</value>
         <object_component_ref idref="oc-18"/>
      </symbol>
      <symbol id="sm-6b">
         <name>NMI_Handler</name>
         <value>0x34f</value>
         <object_component_ref idref="oc-33"/>
      </symbol>
      <symbol id="sm-6c">
         <name>HardFault_Handler</name>
         <value>0x34f</value>
         <object_component_ref idref="oc-33"/>
      </symbol>
      <symbol id="sm-6d">
         <name>SVC_Handler</name>
         <value>0x34f</value>
         <object_component_ref idref="oc-33"/>
      </symbol>
      <symbol id="sm-6e">
         <name>PendSV_Handler</name>
         <value>0x34f</value>
         <object_component_ref idref="oc-33"/>
      </symbol>
      <symbol id="sm-6f">
         <name>SysTick_Handler</name>
         <value>0x34f</value>
         <object_component_ref idref="oc-33"/>
      </symbol>
      <symbol id="sm-70">
         <name>GROUP0_IRQHandler</name>
         <value>0x34f</value>
         <object_component_ref idref="oc-33"/>
      </symbol>
      <symbol id="sm-71">
         <name>GROUP1_IRQHandler</name>
         <value>0x34f</value>
         <object_component_ref idref="oc-33"/>
      </symbol>
      <symbol id="sm-72">
         <name>TIMG8_IRQHandler</name>
         <value>0x34f</value>
         <object_component_ref idref="oc-33"/>
      </symbol>
      <symbol id="sm-73">
         <name>UART3_IRQHandler</name>
         <value>0x34f</value>
         <object_component_ref idref="oc-33"/>
      </symbol>
      <symbol id="sm-74">
         <name>ADC0_IRQHandler</name>
         <value>0x34f</value>
         <object_component_ref idref="oc-33"/>
      </symbol>
      <symbol id="sm-75">
         <name>ADC1_IRQHandler</name>
         <value>0x34f</value>
         <object_component_ref idref="oc-33"/>
      </symbol>
      <symbol id="sm-76">
         <name>CANFD0_IRQHandler</name>
         <value>0x34f</value>
         <object_component_ref idref="oc-33"/>
      </symbol>
      <symbol id="sm-77">
         <name>DAC0_IRQHandler</name>
         <value>0x34f</value>
         <object_component_ref idref="oc-33"/>
      </symbol>
      <symbol id="sm-78">
         <name>SPI0_IRQHandler</name>
         <value>0x34f</value>
         <object_component_ref idref="oc-33"/>
      </symbol>
      <symbol id="sm-79">
         <name>SPI1_IRQHandler</name>
         <value>0x34f</value>
         <object_component_ref idref="oc-33"/>
      </symbol>
      <symbol id="sm-7a">
         <name>UART1_IRQHandler</name>
         <value>0x34f</value>
         <object_component_ref idref="oc-33"/>
      </symbol>
      <symbol id="sm-7b">
         <name>UART2_IRQHandler</name>
         <value>0x34f</value>
         <object_component_ref idref="oc-33"/>
      </symbol>
      <symbol id="sm-7c">
         <name>TIMG0_IRQHandler</name>
         <value>0x34f</value>
         <object_component_ref idref="oc-33"/>
      </symbol>
      <symbol id="sm-7d">
         <name>TIMG6_IRQHandler</name>
         <value>0x34f</value>
         <object_component_ref idref="oc-33"/>
      </symbol>
      <symbol id="sm-7e">
         <name>TIMA0_IRQHandler</name>
         <value>0x34f</value>
         <object_component_ref idref="oc-33"/>
      </symbol>
      <symbol id="sm-7f">
         <name>TIMA1_IRQHandler</name>
         <value>0x34f</value>
         <object_component_ref idref="oc-33"/>
      </symbol>
      <symbol id="sm-80">
         <name>TIMG7_IRQHandler</name>
         <value>0x34f</value>
         <object_component_ref idref="oc-33"/>
      </symbol>
      <symbol id="sm-81">
         <name>TIMG12_IRQHandler</name>
         <value>0x34f</value>
         <object_component_ref idref="oc-33"/>
      </symbol>
      <symbol id="sm-82">
         <name>I2C0_IRQHandler</name>
         <value>0x34f</value>
         <object_component_ref idref="oc-33"/>
      </symbol>
      <symbol id="sm-83">
         <name>I2C1_IRQHandler</name>
         <value>0x34f</value>
         <object_component_ref idref="oc-33"/>
      </symbol>
      <symbol id="sm-84">
         <name>AES_IRQHandler</name>
         <value>0x34f</value>
         <object_component_ref idref="oc-33"/>
      </symbol>
      <symbol id="sm-85">
         <name>RTC_IRQHandler</name>
         <value>0x34f</value>
         <object_component_ref idref="oc-33"/>
      </symbol>
      <symbol id="sm-86">
         <name>DMA_IRQHandler</name>
         <value>0x34f</value>
         <object_component_ref idref="oc-33"/>
      </symbol>
      <symbol id="sm-92">
         <name>set_debug_led_toggle</name>
         <value>0x589</value>
         <object_component_ref idref="oc-94"/>
      </symbol>
      <symbol id="sm-a9">
         <name>debug_uart_init</name>
         <value>0x5c5</value>
         <object_component_ref idref="oc-89"/>
      </symbol>
      <symbol id="sm-aa">
         <name>debug_uart_send_string</name>
         <value>0x4f9</value>
         <object_component_ref idref="oc-8e"/>
      </symbol>
      <symbol id="sm-ab">
         <name>get_debug_uart_receive_data</name>
         <value>0x631</value>
         <object_component_ref idref="oc-8f"/>
      </symbol>
      <symbol id="sm-ac">
         <name>debug_uart</name>
         <value>0x20200000</value>
      </symbol>
      <symbol id="sm-ad">
         <name>clear_debug_uart_receive_data</name>
         <value>0x5ad</value>
         <object_component_ref idref="oc-99"/>
      </symbol>
      <symbol id="sm-ae">
         <name>UART0_IRQHandler</name>
         <value>0x4c5</value>
         <object_component_ref idref="oc-34"/>
      </symbol>
      <symbol id="sm-af">
         <name>__TI_ATRegion0_src_addr</name>
         <value>0x0</value>
      </symbol>
      <symbol id="sm-b0">
         <name>__TI_ATRegion0_trg_addr</name>
         <value>0x0</value>
      </symbol>
      <symbol id="sm-b1">
         <name>__TI_ATRegion0_region_sz</name>
         <value>0x0</value>
      </symbol>
      <symbol id="sm-b2">
         <name>__TI_ATRegion1_src_addr</name>
         <value>0x0</value>
      </symbol>
      <symbol id="sm-b3">
         <name>__TI_ATRegion1_trg_addr</name>
         <value>0x0</value>
      </symbol>
      <symbol id="sm-b4">
         <name>__TI_ATRegion1_region_sz</name>
         <value>0x0</value>
      </symbol>
      <symbol id="sm-b5">
         <name>__TI_ATRegion2_src_addr</name>
         <value>0x0</value>
      </symbol>
      <symbol id="sm-b6">
         <name>__TI_ATRegion2_trg_addr</name>
         <value>0x0</value>
      </symbol>
      <symbol id="sm-b7">
         <name>__TI_ATRegion2_region_sz</name>
         <value>0x0</value>
      </symbol>
      <symbol id="sm-c0">
         <name>DL_Common_delayCycles</name>
         <value>0x625</value>
         <object_component_ref idref="oc-8a"/>
      </symbol>
      <symbol id="sm-cd">
         <name>DL_UART_init</name>
         <value>0x351</value>
         <object_component_ref idref="oc-ee"/>
      </symbol>
      <symbol id="sm-ce">
         <name>DL_UART_setClockConfig</name>
         <value>0x607</value>
         <object_component_ref idref="oc-e8"/>
      </symbol>
      <symbol id="sm-df">
         <name>DL_SYSCTL_configSYSPLL</name>
         <value>0xc1</value>
         <object_component_ref idref="oc-e5"/>
      </symbol>
      <symbol id="sm-e0">
         <name>DL_SYSCTL_switchMCLKfromSYSOSCtoHSCLK</name>
         <value>0x399</value>
         <object_component_ref idref="oc-e6"/>
      </symbol>
      <symbol id="sm-e1">
         <name>DL_SYSCTL_setHFCLKSourceHFXTParams</name>
         <value>0x225</value>
         <object_component_ref idref="oc-df"/>
      </symbol>
      <symbol id="sm-ea">
         <name>strstr</name>
         <value>0x52d</value>
         <object_component_ref idref="oc-90"/>
      </symbol>
      <symbol id="sm-f5">
         <name>_c_int00_noargs</name>
         <value>0x561</value>
         <object_component_ref idref="oc-54"/>
      </symbol>
      <symbol id="sm-f6">
         <name>__stack</name>
         <value>0x20207e00</value>
         <object_component_ref idref="oc-1a"/>
      </symbol>
      <symbol id="sm-102">
         <name>__TI_auto_init_nobinit_nopinit</name>
         <value>0x41d</value>
         <object_component_ref idref="oc-a5"/>
      </symbol>
      <symbol id="sm-10a">
         <name>_system_pre_init</name>
         <value>0x647</value>
         <object_component_ref idref="oc-68"/>
      </symbol>
      <symbol id="sm-115">
         <name>__TI_zero_init_nomemset</name>
         <value>0x5dd</value>
         <object_component_ref idref="oc-4b"/>
      </symbol>
      <symbol id="sm-121">
         <name>abort</name>
         <value>0x639</value>
         <object_component_ref idref="oc-9e"/>
      </symbol>
      <symbol id="sm-12b">
         <name>HOSTexit</name>
         <value>0x63f</value>
         <object_component_ref idref="oc-ce"/>
      </symbol>
      <symbol id="sm-12c">
         <name>C$$EXIT</name>
         <value>0x63e</value>
         <object_component_ref idref="oc-ce"/>
      </symbol>
      <symbol id="sm-133">
         <name>__aeabi_memclr</name>
         <value>0x619</value>
         <object_component_ref idref="oc-63"/>
      </symbol>
      <symbol id="sm-134">
         <name>__aeabi_memclr4</name>
         <value>0x619</value>
         <object_component_ref idref="oc-63"/>
      </symbol>
      <symbol id="sm-135">
         <name>__aeabi_memclr8</name>
         <value>0x619</value>
         <object_component_ref idref="oc-63"/>
      </symbol>
      <symbol id="sm-145">
         <name>memset</name>
         <value>0x2ed</value>
         <object_component_ref idref="oc-bd"/>
      </symbol>
      <symbol id="sm-146">
         <name>__TI_static_base__</name>
         <value>0x0</value>
      </symbol>
      <symbol id="sm-148">
         <name>__mpu_init</name>
         <value>0x0</value>
      </symbol>
      <symbol id="sm-149">
         <name>_system_post_cinit</name>
         <value>0x0</value>
      </symbol>
   </symbol_table>
   <title>Link successful</title>
</link_info>
